/*
 Navicat Premium Dump SQL

 Source Server         : local-db-mysql
 Source Server Type    : MySQL
 Source Server Version : 50741 (5.7.41)
 Source Host           : localhost:3306
 Source Schema         : campus-product

 Target Server Type    : MySQL
 Target Server Version : 50741 (5.7.41)
 File Encoding         : 65001

 Date: 4/6/2025 16:29:51
*/

SET NAMES utf8mb4;
SET FOREIGN_KEY_CHECKS = 0;

-- ----------------------------
-- Table structure for category
-- ----------------------------
DROP TABLE IF EXISTS `category`;
CREATE TABLE `category`  (
  `id` int(11) NOT NULL AUTO_INCREMENT COMMENT 'е•Ҷе“Ғзұ»еҲ«ID',
  `name` varchar(255) CHARACTER SET utf8mb4 COLLATE utf8mb4_bin NULL DEFAULT NULL COMMENT 'зұ»еҲ«еҗҚ',
  `is_use` tinyint(1) NULL DEFAULT NULL COMMENT 'жҳҜеҗҰеҗҜз”Ё',
  PRIMARY KEY (`id`) USING BTREE
) ENGINE = InnoDB AUTO_INCREMENT = 9 CHARACTER SET = utf8mb4 COLLATE = utf8mb4_bin COMMENT = 'е•Ҷе“Ғзұ»еҲ«иЎЁ' ROW_FORMAT = Dynamic;

-- ----------------------------
-- Records of category
-- ----------------------------
INSERT INTO `category` VALUES (1, 'жүӢжңә', 1);
INSERT INTO `category` VALUES (2, 'иЎЈжңҚ', 1);
INSERT INTO `category` VALUES (5, 'д№ҰзұҚ', 0);
INSERT INTO `category` VALUES (6, 'жүӢиЎЁ', 1);
INSERT INTO `category` VALUES (7, 'йӣ¶йЈҹ', 1);

-- ----------------------------
-- Table structure for evaluations
-- ----------------------------
DROP TABLE IF EXISTS `evaluations`;
CREATE TABLE `evaluations`  (
  `id` int(11) UNSIGNED NOT NULL AUTO_INCREMENT COMMENT 'дё»й”®',
  `parent_id` int(11) NULL DEFAULT NULL COMMENT 'зҲ¶зә§иҜ„и®әID',
  `commenter_id` int(11) NULL DEFAULT NULL COMMENT 'иҜ„и®әиҖ…ID',
  `replier_id` int(11) NULL DEFAULT NULL COMMENT 'еӣһеӨҚиҖ…ID',
  `content_type` varchar(100) CHARACTER SET utf8mb4 COLLATE utf8mb4_bin NULL DEFAULT NULL COMMENT 'еҶ…е®№зұ»еһӢ',
  `content_id` int(11) NULL DEFAULT NULL COMMENT 'еҶ…е®№ID',
  `content` varchar(255) CHARACTER SET utf8mb4 COLLATE utf8mb4_bin NULL DEFAULT NULL COMMENT 'иҜ„и®әеҶ…е®№',
  `upvote_list` longtext CHARACTER SET utf8mb4 COLLATE utf8mb4_bin NULL COMMENT 'зӮ№иөһеҲ—иЎЁпјҢд»Ҙ\",\"еҲҶеүІ',
  `create_time` datetime NULL DEFAULT NULL COMMENT 'иҜ„и®әж—¶й—ҙ',
  PRIMARY KEY (`id`) USING BTREE
) ENGINE = InnoDB AUTO_INCREMENT = 148 CHARACTER SET = utf8mb4 COLLATE = utf8mb4_bin ROW_FORMAT = DYNAMIC;

-- ----------------------------
-- Records of evaluations
-- ----------------------------
INSERT INTO `evaluations` VALUES (4, NULL, 8, NULL, 'PRODUCT', 10, 'жҲ‘д№ҹйҒҮеҲ°иҝҮиҝҷз§Қй—®йўҳ', '1,7,8', '2025-05-27 11:33:01');
INSERT INTO `evaluations` VALUES (7, 4, 3, NULL, 'PRODUCT', 10, 'еӨ§дҫ йЈҺиҢғ', '1,7,8,3', '2025-06-04 17:06:19');
INSERT INTO `evaluations` VALUES (8, 1, 3, 3, 'PRODUCT', 10, 'дёҖжҙҫиғЎиЁҖ', '1,7,8', '2025-06-04 17:06:19');
INSERT INTO `evaluations` VALUES (13, 1, 3, 7, 'PRODUCT', 10, 'иҝҷд№ҲзҘһеҘҮпјҹ', '1,8', '2025-06-04 17:06:19');
INSERT INTO `evaluations` VALUES (14, NULL, 8, 3, 'PRODUCT', 10, 'еӨ§е“ҘпјҢжҲ‘жңҚдәҶпјҒ', '1,8', '2025-06-04 17:06:19');
INSERT INTO `evaluations` VALUES (23, NULL, 3, NULL, 'PRODUCT', 10, 'жҲ‘зҡ„иҜ„и®ә', '3', '2025-06-04 15:04:19');
INSERT INTO `evaluations` VALUES (27, 23, 3, 3, 'PRODUCT', 10, 'д»Җд№ҲдәӢжғ…', '3', '2025-06-05 15:04:19');
INSERT INTO `evaluations` VALUES (29, 14, 3, NULL, 'PRODUCT', 10, 'е…Ҳз”ҹгҖӮ', '3', '2025-06-05 15:04:19');
INSERT INTO `evaluations` VALUES (44, 40, 3, NULL, 'PRODUCT', 19, 'еӣһеӨҚ', NULL, '2025-06-05 15:04:19');
INSERT INTO `evaluations` VALUES (45, 40, 3, 3, 'PRODUCT', 19, 'еӣһеӨҚ', '3', '2025-06-05 15:04:19');
INSERT INTO `evaluations` VALUES (47, 40, 3, 3, 'PRODUCT', 19, 'жөӢиҜ•UU', '3', '2025-06-05 15:04:19');
INSERT INTO `evaluations` VALUES (49, NULL, 3, NULL, 'PRODUCT', 10, 'UUUIII', NULL, '2025-06-05 15:04:19');
INSERT INTO `evaluations` VALUES (50, 49, 3, NULL, 'PRODUCT', 10, 'е°ұжҳҜ', NULL, '2025-06-05 15:04:19');
INSERT INTO `evaluations` VALUES (51, 4, 3, NULL, 'PRODUCT', 10, 'е°ұжҳҜ', NULL, '2025-06-05 15:04:19');
INSERT INTO `evaluations` VALUES (52, 4, 3, 8, 'PRODUCT', 10, 'е“Ҳе“Ҳе“Ҳ', '3', '2025-06-05 15:04:19');
INSERT INTO `evaluations` VALUES (53, 49, 3, 3, 'PRODUCT', 10, 'е“Ҳе“Ҳе“Ҳ', '8', '2025-06-05 15:04:19');
INSERT INTO `evaluations` VALUES (54, NULL, 3, NULL, 'PRODUCT', 18, 'жөӢиҜ•', NULL, '2025-06-05 15:04:19');
INSERT INTO `evaluations` VALUES (55, 54, 3, NULL, 'PRODUCT', 18, 'niaho ', NULL, '2025-06-05 15:04:19');
INSERT INTO `evaluations` VALUES (58, 57, 3, NULL, 'PRODUCT', 19, '4324234', NULL, '2025-06-05 15:04:19');
INSERT INTO `evaluations` VALUES (59, 57, 3, 3, 'PRODUCT', 19, '54354354', NULL, '2025-06-05 15:04:19');
INSERT INTO `evaluations` VALUES (61, NULL, 3, NULL, 'PRODUCT', 19, '432432423', NULL, '2025-06-05 15:04:19');
INSERT INTO `evaluations` VALUES (83, NULL, 3, NULL, 'PRODUCT', 13, 'еҒҘеә·', NULL, '2025-06-05 15:04:19');
INSERT INTO `evaluations` VALUES (84, NULL, 3, NULL, 'PRODUCT', 13, 'дёқж»‘', NULL, '2025-06-05 15:04:19');
INSERT INTO `evaluations` VALUES (85, NULL, 3, NULL, 'PRODUCT', 14, 'е“Ҳе“Ҳе“Ҳе“Ҳе“Ҳ', NULL, '2025-06-05 15:04:19');
INSERT INTO `evaluations` VALUES (87, NULL, 3, NULL, 'PRODUCT', 16, 'пјҹпјҹпјҹ', NULL, '2025-06-05 15:04:19');
INSERT INTO `evaluations` VALUES (88, NULL, 3, NULL, 'PRODUCT', 16, 'еҘҪеҘҪиҜҙиҜқ', NULL, '2025-06-05 15:04:19');
INSERT INTO `evaluations` VALUES (89, NULL, 3, NULL, 'PRODUCT', 19, '12121', '3', '2025-06-05 15:04:19');
INSERT INTO `evaluations` VALUES (90, 89, 3, NULL, 'PRODUCT', 19, 'еҗҢж„ҸеҗҢж„Ҹ', NULL, '2025-06-05 15:04:19');
INSERT INTO `evaluations` VALUES (116, NULL, 9, NULL, 'PRODUCT', 3, 'иҝҷжҳҜжҢҮж Үзҡ„иҜ„и®әпјҒ', NULL, '2025-06-05 15:04:19');
INSERT INTO `evaluations` VALUES (117, NULL, 9, NULL, 'PRODUCT', 5, '3232', NULL, '2025-06-05 15:04:19');
INSERT INTO `evaluations` VALUES (118, 117, 9, NULL, 'PRODUCT', 5, '4324324', NULL, '2025-06-05 15:04:19');
INSERT INTO `evaluations` VALUES (119, NULL, 9, NULL, 'PRODUCT', 12, '3342143', '9', '2025-06-05 15:04:19');
INSERT INTO `evaluations` VALUES (120, 119, 9, NULL, 'PRODUCT', 12, '43243243', '9', '2025-06-05 15:04:19');
INSERT INTO `evaluations` VALUES (121, 119, 9, 9, 'PRODUCT', 12, '432423432', '9', '2025-06-05 15:04:19');
INSERT INTO `evaluations` VALUES (122, NULL, 8, NULL, 'PRODUCT', 7, 'еҘҪзҺ©еҗ—пјҹпјҹпјҹ', '10', '2025-06-05 23:02:43');
INSERT INTO `evaluations` VALUES (123, 122, 10, NULL, 'PRODUCT', 7, 'зңҹзҡ„еҘҪзҺ©', '8', '2025-06-05 23:03:29');
INSERT INTO `evaluations` VALUES (124, 122, 8, 10, 'PRODUCT', 7, 'д»Җд№Ҳж—¶еҖҷеҺ»зҡ„пјҹ', '8', '2025-06-05 23:03:51');
INSERT INTO `evaluations` VALUES (127, 125, 3, 8, 'PRODUCT', 4, 'зңҹеҘҪе•Ҡ', '8', '2025-06-05 15:46:07');
INSERT INTO `evaluations` VALUES (131, NULL, 8, NULL, 'PRODUCT', 6, 'иҝҷйҮҢзҡ„йЈҺжҷҜжҖҺд№Ҳж ·пјҹ', NULL, '2025-06-05 19:02:12');
INSERT INTO `evaluations` VALUES (132, 131, 3, NULL, 'PRODUCT', 6, 'зңҹдёҚй”ҷ', NULL, '2025-06-05 19:02:46');
INSERT INTO `evaluations` VALUES (134, 133, 8, NULL, 'PRODUCT', 6, 'жҲ‘еҺ»иҝҮдәҶ', NULL, '2025-06-05 19:03:53');
INSERT INTO `evaluations` VALUES (135, NULL, 8, NULL, 'PRODUCT', 6, 'еҘҪдёҚеҘҪеҒҡпјҹ', '8', '2025-06-06 21:53:37');
INSERT INTO `evaluations` VALUES (136, 135, 8, NULL, 'PRODUCT', 6, 'зңҹзҡ„дёҚй”ҷ', NULL, '2025-06-06 21:53:48');
INSERT INTO `evaluations` VALUES (137, NULL, 8, NULL, 'PRODUCT', 7, '4324324', NULL, '2025-06-06 14:30:04');
INSERT INTO `evaluations` VALUES (138, NULL, 8, NULL, 'PRODUCT', 5, '4324324', '9', '2025-06-06 16:09:28');
INSERT INTO `evaluations` VALUES (139, NULL, 8, NULL, 'PRODUCT', 4, 'еңЁдёҖдёӘе°Ҹзў—дёӯпјҢе°ҶйҖӮйҮҸз”ҹжҠҪгҖҒиҖҒжҠҪпјҲе°‘йҮҸпјҢд»Ҙе…ҚйўңиүІиҝҮж·ұпјүгҖҒеҶ°зі–гҖҒе…«и§’гҖҒжЎӮзҡ®гҖҒйҰҷеҸ¶е’Ңи¶іеӨҹиҰҶзӣ–иӮүеқ—зҡ„жё…ж°ҙж··еҗҲеқҮеҢҖпјҢеҲ¶жҲҗи°ғе‘іжұҒгҖӮ\nе°Ҷи°ғе‘іжұҒеҖ’е…Ҙз Ӯй”…дёӯпјҢзЎ®дҝқж¶ІдҪ“иғҪеӨҹжІЎиҝҮиӮүеқ—зҡ„дёҖеҚҠиҮідёүеҲҶд№ӢдәҢеӨ„гҖӮ', NULL, '2025-06-06 20:49:59');
INSERT INTO `evaluations` VALUES (140, NULL, 8, NULL, 'PRODUCT', 4, 'зңҹеҘҪеҗғ', '8', '2025-06-06 20:50:04');
INSERT INTO `evaluations` VALUES (141, 140, 8, NULL, 'PRODUCT', 4, 'ж”’дәҶиөһдәҶ', '8', '2025-06-06 20:50:11');
INSERT INTO `evaluations` VALUES (142, NULL, 8, NULL, 'PRODUCT', 4, 'жөӢиҜ•иҜ„и®ә', NULL, '2025-06-07 18:10:37');
INSERT INTO `evaluations` VALUES (143, 138, 9, NULL, 'PRODUCT', 5, 'еӨҚеҲ»дәҶеҗ—пјҹ', NULL, '2025-06-07 18:15:50');
INSERT INTO `evaluations` VALUES (145, NULL, 8, NULL, 'PRODUCT', 11, 'еҲ°еә•жҳҜи°ҒеҸ‘жҳҺзҡ„иҝҷдёӘе–қжі•пјҒи°ўи°ўе•ҠпҪһ зңҹзҡ„еҸҲз®ҖеҚ•еҸҲеҘҪе–қпјҒд»ҘеҗҺи°ҒиҝҳеҺ»еҘ¶иҢ¶еә—е•ҠпјҒ зәўиҢ¶вһ•зҷҪзі–зӮ’дёҖзӮ’пјҢзӮ’еҲ°з„Ұй»„еҶ’жіЎжіЎпјҢеҠ дёҖзӮ№ж°ҙз…®ејҖпјҢжңҖеҗҺеҖ’зүӣеҘ¶е°ұе®ҢжҲҗе•ҰпјҒпјҲе…ЁзЁӢе°ҸзҒ«пјҢзі–зӮ’зҡ„з„Ұй»„еҶ’жіЎе°ұиө¶зҙ§еҠ ж°ҙпјҒ', '8', '2025-06-07 18:47:27');
INSERT INTO `evaluations` VALUES (146, 145, 8, NULL, 'PRODUCT', 11, 'пјҒеҲ°еә•жҳҜи°ҒеҸ‘жҳҺзҡ„иҝҷдёӘе–қжі•пјҒи°ў', '8', '2025-06-07 18:47:37');
INSERT INTO `evaluations` VALUES (147, NULL, 2, NULL, 'PRODUCT', 1, '4343', NULL, '2025-06-09 14:30:58');

-- ----------------------------
-- Table structure for interaction
-- ----------------------------
DROP TABLE IF EXISTS `interaction`;
CREATE TABLE `interaction`  (
  `id` int(11) NOT NULL AUTO_INCREMENT COMMENT 'дә’еҠЁиЎҢдёәдё»й”®ID',
  `user_id` int(11) NULL DEFAULT NULL COMMENT 'з”ЁжҲ·ID',
  `product_id` int(11) NULL DEFAULT NULL COMMENT 'е•Ҷе“ҒID',
  `type` int(2) NULL DEFAULT NULL COMMENT 'иЎҢдёәзұ»еһӢпјҲ1пјҡж”¶и—Ҹпјӣ2пјҡжөҸи§Ҳпјӣ3пјҡ жғіиҰҒпјү',
  `create_time` datetime NULL DEFAULT NULL COMMENT 'иЎҢдёәдә’еҠЁж—¶й—ҙ',
  PRIMARY KEY (`id`) USING BTREE
) ENGINE = InnoDB AUTO_INCREMENT = 30 CHARACTER SET = utf8mb4 COLLATE = utf8mb4_bin COMMENT = 'дә’еҠЁиЎҢдёәдҝЎжҒҜиЎЁ' ROW_FORMAT = Dynamic;

-- ----------------------------
-- Records of interaction
-- ----------------------------
INSERT INTO `interaction` VALUES (5, 2, 4, 1, '2025-06-08 18:15:41');
INSERT INTO `interaction` VALUES (18, 2, 6, 1, '2025-06-09 14:28:01');
INSERT INTO `interaction` VALUES (19, 1, 20, 2, '2025-5-31 20:17:54');
INSERT INTO `interaction` VALUES (22, 1, 16, 2, '2025-06-09 10:54:52');
INSERT INTO `interaction` VALUES (23, 1, 19, 2, '2025-06-09 10:55:45');
INSERT INTO `interaction` VALUES (25, 2, 18, 1, '2025-06-09 12:25:09');

-- ----------------------------
-- Table structure for message
-- ----------------------------
DROP TABLE IF EXISTS `message`;
CREATE TABLE `message`  (
  `id` int(11) NOT NULL AUTO_INCREMENT COMMENT 'ж¶ҲжҒҜиЎЁдё»й”®ID',
  `user_id` int(11) NULL DEFAULT NULL COMMENT 'жҺҘж”¶иҖ…з”ЁжҲ·ID',
  `content` varchar(255) CHARACTER SET utf8mb4 COLLATE utf8mb4_bin NULL DEFAULT NULL COMMENT 'ж¶ҲжҒҜдҪ“',
  `is_read` tinyint(1) NULL DEFAULT NULL COMMENT 'жҳҜеҗҰе·Із»Ҹйҳ…иҜ»',
  `create_time` datetime NULL DEFAULT NULL COMMENT 'еҸ‘йҖҒж—¶й—ҙ',
  PRIMARY KEY (`id`) USING BTREE
) ENGINE = InnoDB AUTO_INCREMENT = 6 CHARACTER SET = utf8mb4 COLLATE = utf8mb4_bin COMMENT = 'ж¶ҲжҒҜиЎЁ' ROW_FORMAT = Dynamic;

-- ----------------------------
-- Records of message
-- ----------------------------
INSERT INTO `message` VALUES (1, 2, 'з”ЁжҲ·гҖҗжқҺзҗӣгҖ‘еҜ№дҪ зҡ„гҖҗжҙ—иЎЈжңәгҖ‘ж„ҹе…ҙи¶Ј!', 1, '2025-06-08 15:09:44');
INSERT INTO `message` VALUES (2, 12, 'з”ЁжҲ·гҖҗwjlгҖ‘еҜ№дҪ зҡ„гҖҗvivoX100гҖ‘ж„ҹе…ҙи¶Ј!', 0, '2025-06-09 14:18:08');
INSERT INTO `message` VALUES (3, 12, 'з”ЁжҲ·гҖҗwjlгҖ‘еҜ№дҪ зҡ„гҖҗvivoX100гҖ‘ж„ҹе…ҙи¶Ј!', 0, '2025-06-09 14:18:52');
INSERT INTO `message` VALUES (4, 12, 'з”ЁжҲ·гҖҗwjlгҖ‘еҜ№дҪ зҡ„гҖҗvivoX100гҖ‘ж„ҹе…ҙи¶Ј!', 0, '2025-06-09 14:19:40');

-- ----------------------------
-- Table structure for operation_log
-- ----------------------------
DROP TABLE IF EXISTS `operation_log`;
CREATE TABLE `operation_log`  (
  `id` int(11) NOT NULL AUTO_INCREMENT COMMENT 'иЎҢдёәж—Ҙеҝ—дё»й”®ID',
  `user_id` int(11) NULL DEFAULT NULL COMMENT 'з”ЁжҲ·ID',
  `detail` varchar(255) CHARACTER SET utf8mb4 COLLATE utf8mb4_bin NULL DEFAULT NULL COMMENT 'жҸҸиҝ°',
  `create_time` datetime NULL DEFAULT NULL COMMENT 'еҲӣе»әж—¶й—ҙ',
  PRIMARY KEY (`id`) USING BTREE
) ENGINE = InnoDB AUTO_INCREMENT = 21 CHARACTER SET = utf8mb4 COLLATE = utf8mb4_bin ROW_FORMAT = Dynamic;

-- ----------------------------
-- Records of operation_log
-- ----------------------------
INSERT INTO `operation_log` VALUES (2, 2, 'е•Ҷе“Ғз”іиҜ·йҖҖж¬ҫ', '2025-5-31 15:02:11');
INSERT INTO `operation_log` VALUES (3, 2, 'е•Ҷе“ҒдёҠжһ¶', '2025-5-31 17:33:16');
INSERT INTO `operation_log` VALUES (4, 2, 'е•Ҷе“ҒдёҠжһ¶', '2025-5-31 17:33:22');
INSERT INTO `operation_log` VALUES (5, 2, 'е•Ҷе“ҒдёҠжһ¶', '2025-5-31 17:33:25');
INSERT INTO `operation_log` VALUES (6, 2, 'е•Ҷе“ҒдёҠжһ¶', '2025-5-31 17:33:29');
INSERT INTO `operation_log` VALUES (7, 2, 'е•Ҷе“ҒдёҠжһ¶', '2025-5-31 17:33:32');
INSERT INTO `operation_log` VALUES (8, 2, 'е•Ҷе“ҒдёҠжһ¶', '2025-5-31 17:33:34');
INSERT INTO `operation_log` VALUES (9, 2, 'е•Ҷе“ҒдёҠжһ¶', '2025-5-31 17:33:36');
INSERT INTO `operation_log` VALUES (10, 2, 'е•Ҷе“ҒдёҠжһ¶', '2025-5-31 17:33:37');
INSERT INTO `operation_log` VALUES (11, 2, 'е•Ҷе“ҒдёҠжһ¶', '2025-5-31 17:33:37');
INSERT INTO `operation_log` VALUES (12, 2, 'е•Ҷе“ҒдёҠжһ¶', '2025-5-31 17:33:38');
INSERT INTO `operation_log` VALUES (13, 2, 'е•Ҷе“ҒдёҠжһ¶', '2025-5-31 17:33:38');
INSERT INTO `operation_log` VALUES (14, 2, 'е•Ҷе“ҒдёҠжһ¶', '2025-5-31 17:33:38');
INSERT INTO `operation_log` VALUES (15, 2, 'е•Ҷе“ҒдёҠжһ¶', '2025-5-31 17:33:38');
INSERT INTO `operation_log` VALUES (16, 2, 'е•Ҷе“Ғдҝ®ж”№', '2025-06-09 10:47:47');
INSERT INTO `operation_log` VALUES (17, 2, 'е•Ҷе“ҒдёӢеҚ•', '2025-06-09 11:11:39');
INSERT INTO `operation_log` VALUES (18, 2, 'е•Ҷе“Ғдҝ®ж”№', '2025-06-09 12:25:47');
INSERT INTO `operation_log` VALUES (19, 2, 'е•Ҷе“Ғдҝ®ж”№', '2025-06-09 12:26:07');
INSERT INTO `operation_log` VALUES (20, 2, 'е•Ҷе“Ғз”іиҜ·йҖҖж¬ҫ', '2025-06-09 12:27:37');

-- ----------------------------
-- Table structure for orders
-- ----------------------------
DROP TABLE IF EXISTS `orders`;
CREATE TABLE `orders`  (
  `id` int(11) NOT NULL AUTO_INCREMENT COMMENT 'и®ўеҚ•дё»й”®',
  `code` varchar(255) CHARACTER SET utf8mb4 COLLATE utf8mb4_bin NULL DEFAULT NULL COMMENT 'и®ўеҚ•еҸ·',
  `detail` varchar(255) CHARACTER SET utf8mb4 COLLATE utf8mb4_bin NULL DEFAULT NULL COMMENT 'еӨҮжіЁ',
  `user_id` int(11) NULL DEFAULT NULL COMMENT 'з”ЁжҲ·ID',
  `product_id` int(11) NULL DEFAULT NULL COMMENT 'е•Ҷе“ҒID',
  `buy_price` decimal(10, 2) NULL DEFAULT NULL COMMENT 'иҙӯд№°ж—¶зҡ„д»·ж ј',
  `buy_number` int(11) NULL DEFAULT NULL COMMENT 'иҙӯд№°ж•°йҮҸ',
  `trade_status` tinyint(1) NULL DEFAULT NULL COMMENT 'дәӨжҳ“зҠ¶жҖҒ',
  `trade_time` datetime NULL DEFAULT NULL COMMENT 'дәӨжҳ“ж—¶й—ҙ',
  `refund_status` tinyint(1) NULL DEFAULT NULL COMMENT 'йҖҖж¬ҫзҠ¶жҖҒ',
  `refund_time` datetime NULL DEFAULT NULL COMMENT 'йҖҖж¬ҫж—¶й—ҙ',
  `is_refund_confirm` tinyint(1) NULL DEFAULT NULL COMMENT 'йҖҖж¬ҫжҳҜеҗҰе·Із»ҸзЎ®и®Ө(еҚ–е®¶иҝӣиЎҢзҡ„зЎ®и®Ө)',
  `create_time` datetime NULL DEFAULT NULL COMMENT 'еҲӣе»әж—¶й—ҙ',
  PRIMARY KEY (`id`) USING BTREE
) ENGINE = InnoDB AUTO_INCREMENT = 10 CHARACTER SET = utf8mb4 COLLATE = utf8mb4_bin COMMENT = 'и®ўеҚ•дҝЎжҒҜиЎЁ' ROW_FORMAT = Dynamic;

-- ----------------------------
-- Records of orders
-- ----------------------------
INSERT INTO `orders` VALUES (3, '1734581788694', 'ж ЎеӣӯиҘҝж“ҚеңәдәӨжҳ“ --- 6зӮ№й’ҹ', 2, 6, 19.90, 3, 1, '2025-06-08 17:06:04', 1, '2025-06-08 19:22:24', 1, '2025-06-08 12:16:29');
INSERT INTO `orders` VALUES (5, '1734604723101', 'еҲ°ж—¶еҖҷжүҫдҪ иҰҒ', 8, 7, 129.90, 2, 1, '2025-06-08 18:39:32', 1, '2025-06-08 19:24:26', 1, '2025-06-08 18:38:43');
INSERT INTO `orders` VALUES (6, '1734679482904', 'жҡӮж—¶дҪ иҝҷйҮҢз•ҷзқҖпјҢе‘Ёж—ҘеҸ–', 2, 7, 129.90, 2, 1, '2025-06-09 15:24:46', NULL, NULL, NULL, '2025-06-09 15:24:43');
INSERT INTO `orders` VALUES (7, '1734679840022', 'zanshi', 2, 4, 1999.90, 2, 0, NULL, NULL, NULL, NULL, '2025-06-09 15:30:40');
INSERT INTO `orders` VALUES (8, '1734763790037', 'ceshi', 2, 7, 129.90, 1, 1, '2025-5-31 14:49:53', 1, NULL, NULL, '2025-5-31 14:49:50');
INSERT INTO `orders` VALUES (9, '1734837099335', '', 2, 18, 23.10, 3, 1, '2025-06-09 12:27:35', 1, NULL, NULL, '2025-06-09 11:11:39');

-- ----------------------------
-- Table structure for product
-- ----------------------------
DROP TABLE IF EXISTS `product`;
CREATE TABLE `product`  (
  `id` int(11) NOT NULL AUTO_INCREMENT COMMENT 'е•Ҷе“Ғзҡ„IDпјҢдё»й”®иҮӘеўһ',
  `name` varchar(255) CHARACTER SET utf8mb4 COLLATE utf8mb4_bin NULL DEFAULT NULL COMMENT 'е•Ҷе“ҒеҗҚ',
  `detail` longtext CHARACTER SET utf8mb4 COLLATE utf8mb4_bin NULL COMMENT 'е•Ҷе“Ғзҡ„з®Җд»Ӣ',
  `cover_list` longtext CHARACTER SET utf8mb4 COLLATE utf8mb4_bin NULL COMMENT 'е•Ҷе“Ғе°Ғйқўзҡ„еҲ—иЎЁ',
  `old_level` int(2) NULL DEFAULT NULL COMMENT 'ж–°ж—§зЁӢеәҰ',
  `category_id` int(11) NULL DEFAULT NULL COMMENT 'жүҖеұһе•Ҷе“ҒеҲҶзұ»зҡ„ID',
  `user_id` int(11) NULL DEFAULT NULL COMMENT 'еҸ‘еёғиҖ…з”ЁжҲ·ID',
  `inventory` int(11) NULL DEFAULT NULL COMMENT 'еә“еӯҳ',
  `price` decimal(10, 2) NULL DEFAULT NULL COMMENT 'д»·ж ј',
  `is_bargain` tinyint(1) NULL DEFAULT NULL COMMENT 'жҳҜеҗҰж”ҜжҢҒз Қд»·',
  `create_time` datetime NULL DEFAULT NULL COMMENT 'еҲӣе»әж—¶й—ҙ',
  PRIMARY KEY (`id`) USING BTREE
) ENGINE = InnoDB AUTO_INCREMENT = 21 CHARACTER SET = utf8mb4 COLLATE = utf8mb4_bin COMMENT = 'е•Ҷе“ҒдҝЎжҒҜиЎЁ' ROW_FORMAT = Dynamic;

-- ----------------------------
-- Records of product
-- ----------------------------
INSERT INTO `product` VALUES (1, 'vivoX100', '<p>дҝқзңҹ</p>', 'http://localhost:21090/api/campus-product-sys/v1.0/file/getFile?fileName=9fd561f3.png,http://localhost:21090/api/campus-product-sys/v1.0/file/getFile?fileName=0be94df5.png', 7, 1, 12, 0, 1699.00, 1, '2025-5-29 19:47:27');
INSERT INTO `product` VALUES (4, 'иӢ№жһң11', '<p>йӣ¶йЈҹ</p>', 'http://localhost:21090/api/campus-product-sys/v1.0/file/getFile?fileName=5eb81a84.png,http://localhost:21090/api/campus-product-sys/v1.0/file/getFile?fileName=15d04683.png', 10, 1, 2, 7, 1999.90, 1, '2025-5-29 16:12:47');
INSERT INTO `product` VALUES (6, 'е’–е•Ўзі–', '<p>йӣ¶йЈҹ</p>', 'http://localhost:21090/api/campus-product-sys/v1.0/file/getFile?fileName=67b7ba410.png,http://localhost:21090/api/campus-product-sys/v1.0/file/getFile?fileName=0c3e5d16.png', 9, 7, 2, 0, 19.90, 1, '2025-5-29 17:54:36');
INSERT INTO `product` VALUES (7, 'жҙ—иЎЈжңә', '<p>йӣ¶йЈҹ</p>', 'http://localhost:21090/api/campus-product-sys/v1.0/file/getFile?fileName=4b0513a11.png,http://localhost:21090/api/campus-product-sys/v1.0/file/getFile?fileName=b3554a24.png,http://localhost:21090/api/campus-product-sys/v1.0/file/getFile?fileName=4d108755.png', 9, 7, 2, 0, 129.90, 1, '2025-5-29 17:54:43');
INSERT INTO `product` VALUES (8, 'жөӢиҜ•1', '<p>жөӢиҜ•</p>', 'http://localhost:21090/api/campus-product-sys/v1.0/file/getFile?fileName=081cc8e6.png,http://localhost:21090/api/campus-product-sys/v1.0/file/getFile?fileName=103c0f411.png', 8, 6, 2, NULL, 23.00, 1, '2025-5-30 17:33:16');
INSERT INTO `product` VALUES (9, 'жөӢиҜ•1', '<p>жөӢиҜ•</p>', 'http://localhost:21090/api/campus-product-sys/v1.0/file/getFile?fileName=081cc8e6.png,http://localhost:21090/api/campus-product-sys/v1.0/file/getFile?fileName=103c0f411.png', 8, 6, 2, NULL, 23.10, 1, '2025-5-30 17:33:22');
INSERT INTO `product` VALUES (11, 'жөӢиҜ•4', '<p>жөӢиҜ•</p>', 'http://localhost:21090/api/campus-product-sys/v1.0/file/getFile?fileName=081cc8e6.png,http://localhost:21090/api/campus-product-sys/v1.0/file/getFile?fileName=103c0f411.png', 8, 6, 2, NULL, 23.00, 1, '2025-5-31 17:33:29');
INSERT INTO `product` VALUES (12, 'жөӢиҜ•12', '<p>жөӢиҜ•</p>', 'http://localhost:21090/api/campus-product-sys/v1.0/file/getFile?fileName=081cc8e6.png,http://localhost:21090/api/campus-product-sys/v1.0/file/getFile?fileName=103c0f411.png', 8, 6, 2, NULL, 23.00, 1, '2025-5-31 17:33:32');
INSERT INTO `product` VALUES (13, 'жөӢиҜ•12', '<p>жөӢиҜ•</p>', 'http://localhost:21090/api/campus-product-sys/v1.0/file/getFile?fileName=081cc8e6.png,http://localhost:21090/api/campus-product-sys/v1.0/file/getFile?fileName=103c0f411.png', 8, 6, 2, NULL, 23.10, 1, '2025-5-31 17:33:34');
INSERT INTO `product` VALUES (14, 'жөӢиҜ•12', '<p>жөӢиҜ•</p>', 'http://localhost:21090/api/campus-product-sys/v1.0/file/getFile?fileName=081cc8e6.png,http://localhost:21090/api/campus-product-sys/v1.0/file/getFile?fileName=103c0f411.png', 10, 6, 2, NULL, 23.10, 1, '2025-5-31 17:33:36');
INSERT INTO `product` VALUES (15, 'жөӢиҜ•12', '<p>жөӢиҜ•</p>', 'http://localhost:21090/api/campus-product-sys/v1.0/file/getFile?fileName=081cc8e6.png,http://localhost:21090/api/campus-product-sys/v1.0/file/getFile?fileName=103c0f411.png', 10, 6, 2, NULL, 23.10, 1, '2025-5-27 17:33:37');
INSERT INTO `product` VALUES (16, 'жөӢиҜ•12', '<p>жөӢиҜ•</p>', 'http://localhost:21090/api/campus-product-sys/v1.0/file/getFile?fileName=081cc8e6.png,http://localhost:21090/api/campus-product-sys/v1.0/file/getFile?fileName=103c0f411.png', 10, 6, 2, NULL, 23.10, 1, '2025-5-31 17:33:37');
INSERT INTO `product` VALUES (17, 'жөӢиҜ•12', '<p>жөӢиҜ•</p>', 'http://localhost:21090/api/campus-product-sys/v1.0/file/getFile?fileName=081cc8e6.png,http://localhost:21090/api/campus-product-sys/v1.0/file/getFile?fileName=103c0f411.png', 10, 6, 2, NULL, 23.10, 1, '2025-5-27 17:33:38');
INSERT INTO `product` VALUES (18, 'жөӢиҜ•12', '<p>жөӢиҜ•</p>', 'http://localhost:21090/api/campus-product-sys/v1.0/file/getFile?fileName=081cc8e6.png,http://localhost:21090/api/campus-product-sys/v1.0/file/getFile?fileName=103c0f411.png', 10, 7, 2, 0, 23.10, 1, '2025-5-31 17:33:38');
INSERT INTO `product` VALUES (20, 'иҮӘзғӯзҒ«й”…', '<p>жөӢиҜ•</p>', 'http://localhost:21090/api/campus-product-sys/v1.0/file/getFile?fileName=081cc8e6.png,http://localhost:21090/api/campus-product-sys/v1.0/file/getFile?fileName=103c0f411.png,http://localhost:21090/api/campus-product-sys/v1.0/file/getFile?fileName=ab1d46f8.png', 9, 7, 2, 1, 23.10, 1, '2025-5-31 17:33:38');

-- ----------------------------
-- Table structure for user
-- ----------------------------
DROP TABLE IF EXISTS `user`;
CREATE TABLE `user`  (
  `id` int(11) UNSIGNED NOT NULL AUTO_INCREMENT COMMENT 'з”ЁжҲ·зј–еҸ·',
  `user_account` varchar(50) CHARACTER SET utf8mb4 COLLATE utf8mb4_general_ci NULL DEFAULT NULL COMMENT 'з”ЁжҲ·иҙҰеҸ·',
  `user_name` varchar(50) CHARACTER SET utf8mb4 COLLATE utf8mb4_general_ci NULL DEFAULT NULL COMMENT 'з”ЁжҲ·жҳөз§°',
  `user_pwd` varchar(100) CHARACTER SET utf8mb4 COLLATE utf8mb4_general_ci NULL DEFAULT NULL COMMENT 'з”ЁжҲ·еҜҶз Ғ',
  `user_avatar` varchar(255) CHARACTER SET utf8mb4 COLLATE utf8mb4_general_ci NULL DEFAULT NULL COMMENT 'з”ЁжҲ·еӨҙеғҸ',
  `user_email` varchar(50) CHARACTER SET utf8mb4 COLLATE utf8mb4_general_ci NULL DEFAULT NULL COMMENT 'з”ЁжҲ·йӮ®з®ұ',
  `user_role` int(11) NULL DEFAULT NULL COMMENT 'з”ЁжҲ·и§’иүІ',
  `is_login` tinyint(1) NULL DEFAULT NULL COMMENT 'еҸҜзҷ»еҪ•зҠ¶жҖҒ(0пјҡеҸҜз”ЁпјҢ1пјҡдёҚеҸҜз”Ё)',
  `is_word` tinyint(1) NULL DEFAULT NULL COMMENT 'зҰҒиЁҖзҠ¶жҖҒ(0пјҡеҸҜз”ЁпјҢ1пјҡдёҚеҸҜз”Ё)',
  `last_login_time` datetime NULL DEFAULT NULL COMMENT 'дёҠдёҖж¬Ўзҷ»еҪ•ж—¶й—ҙ',
  `create_time` datetime NULL DEFAULT NULL COMMENT 'з”ЁжҲ·жіЁеҶҢж—¶й—ҙ',
  PRIMARY KEY (`id`) USING BTREE
) ENGINE = InnoDB AUTO_INCREMENT = 16 CHARACTER SET = utf8mb4 COLLATE = utf8mb4_general_ci ROW_FORMAT = DYNAMIC;

-- ----------------------------
-- Records of user
-- ----------------------------
INSERT INTO `user` VALUES (1, 'admin', 'wjl', '14e1b600b1fd579f47433b88e8d85291', 'http://localhost:21090/api/campus-product-sys/v1.0/file/getFile?fileName=49bf8cepic_6.jpg', '1343243@qq.com', 1, 0, 0, '2025-06-09 12:14:16', '2025-5-26 12:53:05');
INSERT INTO `user` VALUES (2, 'wjl', 'wjl', '14e1b600b1fd579f47433b88e8d85291', 'http://localhost:21090/api/campus-product-sys/v1.0/file/getFile?fileName=0e61962pic_8.jpg', '12311323@qq.com', 2, 0, 0, '2025-06-09 12:21:31', '2025-5-26 16:12:12');
INSERT INTO `user` VALUES (7, 'liran', 'жқҺеҶү', '14e1b600b1fd579f47433b88e8d85291', '/api/campus-product-sys/v1.0/file/getFile?fileName=1288932pic_8.jpg', '12434@qq.com', 1, 1, 1, NULL, '2025-5-27 06:39:12');
INSERT INTO `user` VALUES (8, 'lichen', 'жқҺзҗӣ', '14e1b600b1fd579f47433b88e8d85291', 'http://localhost:21090/api/campus-product-sys/v1.0/file/getFile?fileName=45aebe6pic_7.jpg', '12345@qq.com', 2, 0, 0, NULL, '2025-5-27 15:44:45');
INSERT INTO `user` VALUES (9, 'wangfangfang', 'зҺӢиҠіиҠі', '14e1b600b1fd579f47433b88e8d85291', '/api/campus-product-sys/v1.0/file/getFile?fileName=1288932pic_8.jpg', '1234@qq.com', 2, 0, 1, NULL, '2025-5-27 15:45:12');
INSERT INTO `user` VALUES (10, 'yuelang', 'жңҲжң—', '14e1b600b1fd579f47433b88e8d85291', '/api/campus-product-sys/v1.0/file/getFile?fileName=1288932pic_8.jpg', '4532432@qq.com', 2, 0, 0, NULL, '2025-5-27 15:46:46');
INSERT INTO `user` VALUES (11, 'chenxin', 'йҷҲиҠҜ', '14e1b600b1fd579f47433b88e8d85291', '/api/campus-product-sys/v1.0/file/getFile?fileName=1288932pic_8.jpg', '123432@qq.com', 2, 0, 0, NULL, '2025-5-27 15:47:08');
INSERT INTO `user` VALUES (12, 'hututu', 'иғЎеӣҫеӣҫ', '14e1b600b1fd579f47433b88e8d85291', 'http://localhost:21090/api/campus-product-sys/v1.0/file/getFile?fileName=e042009pic_8.jpg', '4343@qq.com', 2, 0, 0, NULL, '2025-5-27 15:47:26');
INSERT INTO `user` VALUES (13, 'fanggui', 'ж–№иҙө', '14e1b600b1fd579f47433b88e8d85291', '/api/campus-product-sys/v1.0/file/getFile?fileName=1288932pic_8.jpg', '43423@qq.com', 2, 0, 0, NULL, '2025-5-27 15:51:13');
INSERT INTO `user` VALUES (14, 'jiangxin', 'жұҹеҝғ', '14e1b600b1fd579f47433b88e8d85291', '/api/campus-product-sys/v1.0/file/getFile?fileName=1288932pic_8.jpg', '124343@qq.com', 2, 0, 0, NULL, '2025-5-27 15:54:50');
INSERT INTO `user` VALUES (15, 'moxin', 'йҷҢеҝғ', '14e1b600b1fd579f47433b88e8d85291', 'http://localhost:21090/api/campus-product-sys/v1.0/file/getFile?fileName=b3e3d35pic_7.jpg', '654456@qq.com', 2, 1, 0, NULL, '2025-5-27 15:55:12');

SET FOREIGN_KEY_CHECKS = 1;
